{
  "Total" : {
    "transaction" : "Total",
    "sampleCount" : 861,
    "errorCount" : 0,
    "errorPct" : 0.0,
    "meanResTime" : 738.6585365853667,
    "medianResTime" : 754.0,
    "minResTime" : 528.0,
    "maxResTime" : 1043.0,
    "pct1ResTime" : 866.0,
    "pct2ResTime" : 878.0,
    "pct3ResTime" : 910.6999999999999,
    "throughput" : 14.142343259801908,
    "receivedKBytesPerSec" : 3.1903137627092195,
    "sentKBytesPerSec" : 2.1683084880750974
  },
  "HTTP Request 3" : {
    "transaction" : "HTTP Request 3",
    "sampleCount" : 861,
    "errorCount" : 0,
    "errorPct" : 0.0,
    "meanResTime" : 738.6585365853667,
    "medianResTime" : 754.0,
    "minResTime" : 528.0,
    "maxResTime" : 1043.0,
    "pct1ResTime" : 866.0,
    "pct2ResTime" : 878.0,
    "pct3ResTime" : 910.6999999999999,
    "throughput" : 14.142343259801908,
    "receivedKBytesPerSec" : 3.1903137627092195,
    "sentKBytesPerSec" : 2.1683084880750974
  }
}