{
  "HTTP Request 2" : {
    "transaction" : "HTTP Request 2",
    "sampleCount" : 600,
    "errorCount" : 600,
    "errorPct" : 100.0,
    "meanResTime" : 945.7016666666672,
    "medianResTime" : 943.0,
    "minResTime" : 922.0,
    "maxResTime" : 1307.0,
    "pct1ResTime" : 952.0,
    "pct2ResTime" : 959.0,
    "pct3ResTime" : 976.99,
    "throughput" : 3.3285439284584957,
    "receivedKBytesPerSec" : 0.7508727026112427,
    "sentKBytesPerSec" : 0.5103333952812342
  },
  "HTTP Request 1" : {
    "transaction" : "HTTP Request 1",
    "sampleCount" : 600,
    "errorCount" : 600,
    "errorPct" : 100.0,
    "meanResTime" : 1144.4433333333354,
    "medianResTime" : 1143.0,
    "minResTime" : 1121.0,
    "maxResTime" : 1198.0,
    "pct1ResTime" : 1151.0,
    "pct2ResTime" : 1156.0,
    "pct3ResTime" : 1176.0,
    "throughput" : 3.325131342688036,
    "receivedKBytesPerSec" : 0.7501028712509145,
    "sentKBytesPerSec" : 0.5098101765644744
  },
  "Total" : {
    "transaction" : "Total",
    "sampleCount" : 1800,
    "errorCount" : 1201,
    "errorPct" : 66.72222,
    "meanResTime" : 878.6038888888887,
    "medianResTime" : 943.0,
    "minResTime" : 521.0,
    "maxResTime" : 1307.0,
    "pct1ResTime" : 1144.0,
    "pct2ResTime" : 1148.0,
    "pct3ResTime" : 1160.0,
    "throughput" : 3.2087334594246744,
    "receivedKBytesPerSec" : 0.7238451456319333,
    "sentKBytesPerSec" : 0.49196401672819706
  },
  "HTTP Request 3" : {
    "transaction" : "HTTP Request 3",
    "sampleCount" : 600,
    "errorCount" : 1,
    "errorPct" : 0.16666667,
    "meanResTime" : 545.6666666666669,
    "medianResTime" : 543.0,
    "minResTime" : 521.0,
    "maxResTime" : 903.0,
    "pct1ResTime" : 552.0,
    "pct2ResTime" : 559.9499999999999,
    "pct3ResTime" : 582.94,
    "throughput" : 3.3362803810032196,
    "receivedKBytesPerSec" : 0.7526179375114684,
    "sentKBytesPerSec" : 0.5115195506030327
  }
}